-- MySQL dump 10.13  Distrib 8.0.39, for Linux (x86_64)
--
-- Host: localhost    Database: mcvui_lobby
-- ------------------------------------------------------
-- Server version	8.0.39

/*!40101 SET @OLD_CHARACTER_SET_CLIENT=@@CHARACTER_SET_CLIENT */;
/*!40101 SET @OLD_CHARACTER_SET_RESULTS=@@CHARACTER_SET_RESULTS */;
/*!40101 SET @OLD_COLLATION_CONNECTION=@@COLLATION_CONNECTION */;
/*!50503 SET NAMES utf8mb4 */;
/*!40103 SET @OLD_TIME_ZONE=@@TIME_ZONE */;
/*!40103 SET TIME_ZONE='+00:00' */;
/*!40014 SET @OLD_UNIQUE_CHECKS=@@UNIQUE_CHECKS, UNIQUE_CHECKS=0 */;
/*!40014 SET @OLD_FOREIGN_KEY_CHECKS=@@FOREIGN_KEY_CHECKS, FOREIGN_KEY_CHECKS=0 */;
/*!40101 SET @OLD_SQL_MODE=@@SQL_MODE, SQL_MODE='NO_AUTO_VALUE_ON_ZERO' */;
/*!40111 SET @OLD_SQL_NOTES=@@SQL_NOTES, SQL_NOTES=0 */;

--
-- Table structure for table `chuyenxu_config`
--

DROP TABLE IF EXISTS `chuyenxu_config`;
/*!40101 SET @saved_cs_client     = @@character_set_client */;
/*!50503 SET character_set_client = utf8mb4 */;
CREATE TABLE `chuyenxu_config` (
  `key` varchar(64) NOT NULL,
  `value` varchar(255) NOT NULL,
  PRIMARY KEY (`key`)
) ENGINE=InnoDB DEFAULT CHARSET=utf8mb4 COLLATE=utf8mb4_0900_ai_ci;
/*!40101 SET character_set_client = @saved_cs_client */;

--
-- Dumping data for table `chuyenxu_config`
--

LOCK TABLES `chuyenxu_config` WRITE;
/*!40000 ALTER TABLE `chuyenxu_config` DISABLE KEYS */;
INSERT INTO `chuyenxu_config` VALUES ('migration_version','1');
/*!40000 ALTER TABLE `chuyenxu_config` ENABLE KEYS */;
UNLOCK TABLES;

--
-- Table structure for table `chuyenxu_history`
--

DROP TABLE IF EXISTS `chuyenxu_history`;
/*!40101 SET @saved_cs_client     = @@character_set_client */;
/*!50503 SET character_set_client = utf8mb4 */;
CREATE TABLE `chuyenxu_history` (
  `transaction_id` varchar(64) NOT NULL,
  `uuid` varchar(64) NOT NULL,
  `player` varchar(64) NOT NULL,
  `server` varchar(64) NOT NULL,
  `amount` int NOT NULL,
  `time` bigint NOT NULL,
  PRIMARY KEY (`transaction_id`)
) ENGINE=InnoDB DEFAULT CHARSET=utf8mb4 COLLATE=utf8mb4_0900_ai_ci;
/*!40101 SET character_set_client = @saved_cs_client */;

--
-- Dumping data for table `chuyenxu_history`
--

LOCK TABLES `chuyenxu_history` WRITE;
/*!40000 ALTER TABLE `chuyenxu_history` DISABLE KEYS */;
INSERT INTO `chuyenxu_history` VALUES ('9e69a7e0-5fcd-3b8b-8c7f-847ba30156d2_0h15m55s_14d9m2024y_13r','9e69a7e0-5fcd-3b8b-8c7f-847ba30156d2','AnTrc2','skyfree',3,1726247755160),('9e69a7e0-5fcd-3b8b-8c7f-847ba30156d2_0h43m42s_14d9m2024y_14r','9e69a7e0-5fcd-3b8b-8c7f-847ba30156d2','AnTrc2','skyfree',2,1726249422879),('9e69a7e0-5fcd-3b8b-8c7f-847ba30156d2_13h48m17s_1d9m2024y_1r','9e69a7e0-5fcd-3b8b-8c7f-847ba30156d2','AnTrc2','skyfree',10,1725173297642),('9e69a7e0-5fcd-3b8b-8c7f-847ba30156d2_13h48m47s_1d9m2024y_2r','9e69a7e0-5fcd-3b8b-8c7f-847ba30156d2','AnTrc2','skyfree',12,1725173327598),('9e69a7e0-5fcd-3b8b-8c7f-847ba30156d2_18h34m35s_11d9m2024y_3r','9e69a7e0-5fcd-3b8b-8c7f-847ba30156d2','AnTrc2','skyfree',10,1726054475573),('9e69a7e0-5fcd-3b8b-8c7f-847ba30156d2_18h36m43s_11d9m2024y_4r','9e69a7e0-5fcd-3b8b-8c7f-847ba30156d2','AnTrc2','skyfree',1,1726054603920),('9e69a7e0-5fcd-3b8b-8c7f-847ba30156d2_18h46m28s_11d9m2024y_5r','9e69a7e0-5fcd-3b8b-8c7f-847ba30156d2','AnTrc2','skyfree',1,1726055188726),('9e69a7e0-5fcd-3b8b-8c7f-847ba30156d2_21h34m17s_11d9m2024y_6r','9e69a7e0-5fcd-3b8b-8c7f-847ba30156d2','AnTrc2','skyfree',1,1726065257377),('9e69a7e0-5fcd-3b8b-8c7f-847ba30156d2_21h34m20s_11d9m2024y_7r','9e69a7e0-5fcd-3b8b-8c7f-847ba30156d2','AnTrc2','skyfree',1,1726065260267),('9e69a7e0-5fcd-3b8b-8c7f-847ba30156d2_21h34m21s_11d9m2024y_8r','9e69a7e0-5fcd-3b8b-8c7f-847ba30156d2','AnTrc2','skyfree',1,1726065261067),('9e69a7e0-5fcd-3b8b-8c7f-847ba30156d2_21h34m21s_11d9m2024y_9r','9e69a7e0-5fcd-3b8b-8c7f-847ba30156d2','AnTrc2','skyfree',1,1726065261967),('9e69a7e0-5fcd-3b8b-8c7f-847ba30156d2_21h34m23s_11d9m2024y_10r','9e69a7e0-5fcd-3b8b-8c7f-847ba30156d2','AnTrc2','skyfree',1,1726065263916),('9e69a7e0-5fcd-3b8b-8c7f-847ba30156d2_21h47m24s_11d9m2024y_11r','9e69a7e0-5fcd-3b8b-8c7f-847ba30156d2','AnTrc2','skyfree',1,1726066044274),('9e69a7e0-5fcd-3b8b-8c7f-847ba30156d2_21h47m42s_11d9m2024y_12r','9e69a7e0-5fcd-3b8b-8c7f-847ba30156d2','AnTrc2','skyfree',1,1726066062717);
/*!40000 ALTER TABLE `chuyenxu_history` ENABLE KEYS */;
UNLOCK TABLES;

--
-- Table structure for table `chuyenxu_server`
--

DROP TABLE IF EXISTS `chuyenxu_server`;
/*!40101 SET @saved_cs_client     = @@character_set_client */;
/*!50503 SET character_set_client = utf8mb4 */;
CREATE TABLE `chuyenxu_server` (
  `id` int NOT NULL AUTO_INCREMENT,
  `server_value` varchar(255) NOT NULL,
  `server_name` varchar(255) NOT NULL,
  PRIMARY KEY (`id`)
) ENGINE=InnoDB AUTO_INCREMENT=2 DEFAULT CHARSET=utf8mb4 COLLATE=utf8mb4_0900_ai_ci;
/*!40101 SET character_set_client = @saved_cs_client */;

--
-- Dumping data for table `chuyenxu_server`
--

LOCK TABLES `chuyenxu_server` WRITE;
/*!40000 ALTER TABLE `chuyenxu_server` DISABLE KEYS */;
INSERT INTO `chuyenxu_server` VALUES (1,'skyfree','Sky Free');
/*!40000 ALTER TABLE `chuyenxu_server` ENABLE KEYS */;
UNLOCK TABLES;

--
-- Table structure for table `playerpoints_migrations`
--

DROP TABLE IF EXISTS `playerpoints_migrations`;
/*!40101 SET @saved_cs_client     = @@character_set_client */;
/*!50503 SET character_set_client = utf8mb4 */;
CREATE TABLE `playerpoints_migrations` (
  `migration_version` int NOT NULL
) ENGINE=InnoDB DEFAULT CHARSET=utf8mb4 COLLATE=utf8mb4_0900_ai_ci;
/*!40101 SET character_set_client = @saved_cs_client */;

--
-- Dumping data for table `playerpoints_migrations`
--

LOCK TABLES `playerpoints_migrations` WRITE;
/*!40000 ALTER TABLE `playerpoints_migrations` DISABLE KEYS */;
INSERT INTO `playerpoints_migrations` VALUES (2);
/*!40000 ALTER TABLE `playerpoints_migrations` ENABLE KEYS */;
UNLOCK TABLES;

--
-- Table structure for table `playerpoints_points`
--

DROP TABLE IF EXISTS `playerpoints_points`;
/*!40101 SET @saved_cs_client     = @@character_set_client */;
/*!50503 SET character_set_client = utf8mb4 */;
CREATE TABLE `playerpoints_points` (
  `id` int NOT NULL AUTO_INCREMENT,
  `uuid` varchar(36) NOT NULL,
  `points` int NOT NULL,
  PRIMARY KEY (`id`),
  UNIQUE KEY `uuid` (`uuid`)
) ENGINE=InnoDB AUTO_INCREMENT=475 DEFAULT CHARSET=utf8mb4 COLLATE=utf8mb4_0900_ai_ci;
/*!40101 SET character_set_client = @saved_cs_client */;

--
-- Dumping data for table `playerpoints_points`
--

LOCK TABLES `playerpoints_points` WRITE;
/*!40000 ALTER TABLE `playerpoints_points` DISABLE KEYS */;
INSERT INTO `playerpoints_points` VALUES (1,'fa5712ac-e65c-34bf-b0b3-d165dd635834',0),(2,'4851371b-1527-31dd-870d-087dbb7b8742',0),(3,'4bf58422-efb5-3299-b1f8-923b6c112afa',0),(4,'f0b74484-56f1-378a-aa9f-3b3517fcac10',0),(5,'4035d252-9145-31e4-8c7b-bd0b082945f6',0),(6,'4f50f983-566a-3cf5-a1f7-f42dd6d12fe1',0),(7,'405258d0-06ef-3032-8f1d-0bc3cd2dd1fa',0),(8,'f27af857-b548-3955-975c-7c054fad6312',0),(9,'27f4bec8-ce65-3f76-9521-4d52403c6241',0),(10,'09dfeacf-c104-364f-8be1-40f899b1a0b2',0),(11,'e535b1e9-4100-3031-a3c2-6d75a78b2808',0),(12,'87f224ce-05f4-35f8-b7a3-5366ec92a161',0),(13,'578f71ff-beb8-3c27-afff-5c276daf3c86',0),(14,'432b74eb-8f4f-32b5-8011-71ecb940cea6',0),(15,'3c558fde-a33a-37d4-b4de-911bda9ba6ab',0),(16,'773aad8a-b5bd-34a8-88ba-ae1175defddd',0),(17,'d4387963-e8c6-31a7-b897-ad5eeb1f5402',0),(18,'30c11c1c-4e5c-385c-ac15-6925a9012865',0),(19,'5f7578c7-1267-32ff-83b1-b8a4c5de0688',0),(20,'a6494dbe-6e29-3523-8988-eacf6c13992c',0),(21,'d8dc1a12-2a92-3aea-8501-17b9a2dbc972',0),(22,'c4f644af-a393-3691-aac5-27c21387e2ee',0),(23,'a0be379c-9e7b-3b1b-ae9a-cf3e4b452117',0),(24,'183a1e94-2dc3-3e86-820a-2333d1d9458d',0),(25,'41a9fd7b-e09d-3f6d-aa24-672201614d13',0),(26,'62c964bc-2f2c-3ce9-ac5c-69faab5b75eb',0),(27,'fb5339f9-d310-3653-a7e7-df3b82b2cd9d',0),(28,'d8fa8961-fa0e-355e-b409-9a35ecfd53c6',0),(29,'891c4abf-135b-3a79-87fe-b7726189c743',0),(30,'356f569a-9eae-3dd1-b37f-c0b61b258272',0),(31,'00000000-0000-0000-0009-01fada9e2830',0),(32,'f2961c93-ae10-30ff-9325-1eaf0c48eacf',0),(33,'967b0435-0c9e-3658-8613-34b2664c2768',15),(34,'00000000-0000-0000-0009-01f9dec498d4',0),(35,'00000000-0000-0000-0009-01f9beb61759',0),(36,'003d9446-be19-30cb-b1b9-6e6a885e20d0',0),(37,'a82e828c-c0e2-3822-bc22-5d4a61990676',0),(38,'e2e0f798-a512-3139-88dd-2c4d47fdcc25',0),(39,'f797e8fb-33fe-3ca3-90ac-825485b73e04',0),(40,'224235e0-2755-3997-a7ef-43fecc29d411',0),(41,'8ecf04a5-6879-396e-94af-bd0cf1466902',0),(42,'808c9877-4c89-3ee7-ad70-ef1a129bf74f',0),(43,'a7590e58-f061-3b78-bf38-5941e2394dbe',0),(44,'7f71e20f-8216-3347-a6a2-09950a1090f4',0),(45,'907c4d02-9d69-3658-9330-c66ef5645f2f',0),(46,'912f7db1-2763-3656-b2e3-4a67545659ce',0),(47,'2c088679-a09b-3c0f-9f32-18858969ec59',0),(48,'c2f62572-2b53-3e3b-a1a9-6304b6bfdfad',0),(49,'db392ce2-6dae-33c7-86f1-0bf69d3f8fc0',0),(50,'4ef3da49-b88d-348b-b095-b2eac2e0450a',0),(51,'c4e1cd63-70d0-3115-a918-8cef54a87ebf',0),(52,'0985953a-6f98-3834-a2fe-9503cca1f8bb',0),(53,'51574937-a804-3267-a717-c81feda7361b',0),(54,'509a35ab-8dfd-3f72-80f5-369029a3de26',0),(55,'58818885-2004-3032-a9aa-4af4fd404faf',0),(56,'01bc2f90-566a-365f-94bc-84cf9917a222',0),(57,'7edda29c-cac0-3dc0-ac5f-b5dfda7d5f9b',0),(58,'4a044528-6b47-3100-92b5-a6b23b5d1633',0),(59,'d6f7e4e8-4a24-3476-99c2-edcc3d9db8a2',0),(60,'24c30cfd-f1b1-39c5-a7bf-9e4b299792b2',0),(61,'1b8eae14-dce0-39a3-b910-fea4dc3123a4',0),(62,'c1db66de-41a9-37ee-8aa1-a0878b577f21',0),(63,'499d8413-3927-3344-b149-0361cc3935c3',0),(64,'68ec9535-bd3c-3c1a-91ba-4cd61d3b363e',0),(65,'95309253-b0d5-3d83-ad72-07c3275d7c25',0),(66,'cb43a23e-9952-3ce2-87dd-7f4cab86f2a2',0),(67,'650cc849-22ae-3de1-8d5d-6fe5168be88c',0),(68,'6c021d9f-8dd8-35b8-94cb-d94ee4616028',0),(69,'6f3e163f-1789-3153-a603-7a44bac0a47d',0),(70,'42487634-e256-307d-8509-d2eb5fdb0939',0),(71,'085679df-644f-3c51-b3bd-7ce20487112a',0),(72,'233abcad-aed0-3274-b933-3c39171dedec',0),(73,'34782aaa-80c2-3873-a953-da97e8cba8af',0),(74,'8f1f35c7-c4a1-3a56-b1f9-aacb13776e52',0),(75,'0bf5efb3-2ca6-3420-a95a-283487f25cb0',0),(76,'4c23009a-e4ee-3338-af0e-803bfbc9a006',0),(77,'a2615754-c469-3581-bef7-05dae76324d8',0),(78,'f7e7f473-d2da-3058-a1d8-a4b11e33b412',0),(79,'c414848f-bd2d-3647-88cf-af78e04b6f57',0),(80,'0b199aeb-ec99-3cd2-a3e2-91cde3db1079',0),(81,'a0d68c5b-ee30-3f4a-ba14-658cf4c84637',0),(82,'5b862e9d-9612-3519-9df1-fe8331b4d44b',0),(83,'7d5a36b1-5549-357e-bbd0-71ca98a551d4',0),(84,'213ab56c-acf0-31bc-804e-b804ca66cf78',0),(85,'3daca810-8abc-30fb-a91e-c617fda67520',0),(86,'ea981ef3-e494-3dec-bfda-a0ccd1c2711b',0),(87,'9a93eb4d-3e42-35b3-a30e-e0e679260a81',0),(88,'3c6484b5-380f-3540-bd22-393e2d768a6b',0),(89,'64cd9565-5f54-334e-b59a-3dab4d938673',0),(90,'076097c8-bd49-3b86-b7ec-2544288b2a63',0),(91,'c27c9e5b-92f3-3fbd-8624-f4c098cc5645',0),(92,'f7520985-60b1-39ae-9a52-d5958016aba5',0),(93,'b85e95ab-b4dd-3d95-aaf4-18c3c6b88207',0),(94,'23d88f41-2dbb-393e-bfe6-1bef0bbb7cf4',0),(95,'acca3dc9-8df1-3590-98dc-790f5e1f1735',0),(96,'ba5a5c83-dde4-30b1-a053-778d8ca64097',0),(97,'1f2ec2ab-b00a-349c-81b1-aa41e3102bc4',0),(98,'fc2ebb0f-5e4f-3789-8646-48ce37a6e53a',0),(99,'8d26b91a-81dd-3836-8441-2649184b3371',0),(100,'00000000-0000-0000-0009-01f491649ad4',0),(101,'f1b828e1-511d-3849-be3a-8413c4c1a1c9',0),(102,'449129a0-ceb8-3374-a3da-3ada8d97e539',0),(103,'0b5f477d-004a-39f5-93ee-93a79e06424e',0),(104,'00000000-0000-0000-0009-01f208c2f573',0),(105,'46d2db89-ffb8-38c1-a740-69b67e33659c',0),(106,'00000000-0000-0000-0009-01f237dce421',0),(107,'4e113841-8dce-397f-b2fd-4f9f89e1e296',0),(108,'519ff25a-fcf8-35a7-958e-ac508f1a230f',0),(109,'08e135de-3235-321c-9e15-e80ff9cb0b7f',0),(110,'1502f179-2837-371d-91b8-121e0a966cab',0),(111,'56e46197-7ec3-37ed-8356-91bd157e7b46',0),(112,'03e51be0-8f14-32b0-af04-d52dc092fe49',0),(113,'95659b4b-c1b6-3671-8247-29a8a9644eb6',0),(114,'00000000-0000-0000-0009-01f029714369',0),(115,'58c84d08-5405-3910-a075-2c58d46a8bc3',0),(116,'8d26ffb3-ad07-38ce-b02f-0efec168f4d6',0),(117,'0d369870-011b-3405-aee2-bcff326c046e',0),(118,'4728aa2e-85b3-3d9a-88ec-fbcb043d560a',0),(119,'2907258c-bb3f-3b49-a4a6-bfae594ae80b',0),(120,'60218ec5-f202-3cf2-b920-ad08ead2b111',0),(121,'66d1cdae-3f07-3a1d-9bbe-ea1573e351b0',0),(122,'fbd698eb-5b84-3524-b28e-033e5cc508bd',0),(123,'b5949eb4-03ff-3572-a91d-ced9f0ad2441',0),(124,'00000000-0000-0000-0009-01fc39e6e88d',0),(125,'21af4849-c97e-3480-88fe-dc22b9ff3fb6',0),(126,'a5dcce91-6423-3b08-b3a6-a9178f06dd8e',0),(127,'789996b8-f7b7-348e-8e3e-24df0485ae78',0),(128,'f46e549c-1c93-3dd8-bb4f-b612ee5c67df',0),(129,'c790602a-bb24-3fe7-a7e4-08a6b2b2e872',0),(130,'eec2b151-a59a-3d53-85a1-2bde7c057355',0),(131,'17e00e81-5511-39ff-80cc-38eec8ab540d',0),(132,'1d0100e7-1cac-3a48-aac3-14c8cb53d229',0),(133,'fbc7e55a-2f74-3db8-9c54-bd3b611f790d',0),(134,'35a52882-08e6-3a5b-9092-b974259af49a',0),(135,'7cdba3a2-bb86-30ab-aa68-5719cc3a7041',0),(136,'38f46217-0cdd-3eae-bc03-89c10e99af71',0),(137,'ddd0e577-7eaf-393e-8bdf-c0fbf1fed885',0),(138,'fac68949-1674-3097-82f4-e8cc0da2750e',0),(139,'08dc03d6-38cc-30eb-9e1a-ed59e21bbc73',0),(140,'871a3da3-5d6a-39bd-ab24-dbd334e87c7c',0),(141,'cab95f26-c2db-3aa6-9893-f030fab41b7f',0),(142,'18c03e9e-7a4f-3fa0-b786-1dc43e9c9893',0),(144,'3fd2d706-49cf-3548-9412-f9090b92ade3',0),(145,'95b96014-cbbc-3ba4-a3bc-61cc36221c71',0),(146,'3ee8f93b-47ab-3362-981b-3c4c1176aac2',0),(147,'00000000-0000-0000-0009-01fb0228e9b2',0),(148,'3bf5b7b3-bce8-3be5-8b51-f11ca6a2b06a',0),(149,'36acacbc-3c47-3935-862a-49caf2a18781',0),(150,'852c2f4c-6d7d-3522-b0a6-832a3c1f050d',0),(151,'37278ca4-70d3-3d47-8898-ec70b6ba1c5f',0),(152,'0a643dd7-dae4-3d8e-8c8d-05275e7cd789',0),(153,'aa3da359-a6e8-37b4-8372-7a75740e62f7',0),(154,'4efb7477-665d-3446-bb7a-817deb35585a',0),(155,'179cdfd6-34af-3797-9f7c-4fe2aea15875',0),(156,'b72fd862-b14c-32db-b538-e2afc103ea62',0),(157,'f24585cc-2183-31f8-8220-988481251d33',0),(158,'d80e16e5-dcc0-3fa3-898e-08178ed874ac',0),(159,'90695e89-9043-38d3-8e6f-358dcfc5fb68',0),(160,'a96416ab-fd91-3cf1-a9db-adbd3a62099d',0),(161,'a4e99b05-e4d1-3ef9-8918-bf08274b5cc4',0),(162,'5414dec4-56b5-38ea-bfd2-81d7f57e4444',0),(163,'9e58a8ca-e153-3ec0-9762-8ec24bd1303e',0),(164,'2faacc1f-ba1e-32f7-ba3b-4c6574f35265',0),(165,'e4314e6f-3812-3c11-bd51-0499ac7d50d2',0),(166,'48eb9168-08a1-35d7-91c1-7febcef2ae2d',0),(167,'513e8f08-d2f9-3de5-8986-deb258e1c900',0),(168,'00000000-0000-0000-0009-01f0120c4ec5',0),(169,'5b29a733-8897-3223-8fb4-f0b6ccfe7841',0),(170,'eae7ad09-f07b-3c08-83d7-5cb486ec0684',0),(171,'9c6eea7b-c718-34a4-a817-829119239103',0),(172,'cac22851-89b5-39b9-a432-3abfb69b0218',0),(173,'00000000-0000-0000-0009-01f8f428a33d',0),(174,'7392569e-6ff5-3d5e-a7a0-3a1f3055dae5',0),(175,'9a13af24-7b30-333d-bf55-eaf0dd5a7ae1',0),(176,'71e70721-df18-3a87-bd9c-9085a4a33b6b',0),(177,'cfc4ef05-97f2-333a-8db9-f2c0e112ff1b',0),(178,'41149802-5e6b-3528-9151-316bf938db14',0),(179,'e37e8599-da70-3b1c-a9d5-851e7fa0dc95',0),(180,'bc13c01f-c9d0-3713-8386-2d8086927cbe',0),(181,'3139e3a9-8f78-3e4d-96bc-c5af4c02c577',0),(182,'d909af13-31a0-3d75-8c5f-8c04c7bf2d74',0),(183,'d3206a7a-b27b-31ca-bae5-b5b2fe18a541',0),(184,'d63360e3-9461-3c8d-a599-57a4082122a3',0),(185,'254c55b9-1175-33c4-90df-2c69e1344c45',0),(186,'00000000-0000-0000-0009-01f301b31f35',0),(187,'19834ee2-8e94-3aa4-a103-f72d2ec6b4c1',0),(188,'156400f6-6a8a-3605-a1cc-a0fe07872887',0),(189,'ac640ae1-bfd2-3673-8450-c1d7aa838fc1',0),(190,'ac192c3d-9a46-3130-b9e0-e127ae5a41ff',0),(191,'d30a8bc5-6844-3fd3-90dc-404e8f0357e4',0),(192,'ef6235ae-823a-3c65-b479-8b90563f5621',0),(193,'e5fd9aa3-a213-3f9a-ae6f-dffdb0ffb344',0),(194,'00000000-0000-0000-0009-01f7bceab670',0),(195,'18ef128a-dafd-38c5-950c-6c8e68316c1a',0),(196,'c51fc8b0-3c31-33dd-98f4-40ef3acbbd19',0),(197,'5ad60ed6-3ad8-3b5c-bb70-a7dd9988fe0f',0),(198,'ed731662-1d4d-3d27-b46b-36e5a35e42c3',0),(199,'cbb91ad1-8160-3664-96b0-ab06d397e8ee',0),(200,'4e4b1870-8da2-3363-b1d8-fed7f4ec1f58',0),(201,'93979c7c-4995-39eb-bbf9-d270df73ce44',0),(202,'cf8fb527-f88d-3b19-b4a9-e03b854132c5',0),(203,'6064ecef-5a92-3184-9de4-3687a4ab8048',0),(204,'8a2ce95d-f81a-3118-bc49-cd0991c52f1c',0),(205,'4c69e57f-3b9d-3410-b2cf-b535b963967a',0),(206,'63d0c279-10de-31c6-8ffb-a594c863fd62',0),(207,'69b793ce-0efd-3c0a-967c-b95b96d02f07',0),(208,'016cf22b-0995-3718-bb3f-56c7cc87c298',0),(209,'67c87325-9bd8-37af-b131-acf164be04e2',0),(210,'87e9469e-44bb-3719-bb02-bc557ae9ef15',0),(211,'679f5771-1a75-38e5-84ab-9f3e79e0247c',0),(212,'43627887-12f7-3c02-b391-e73d52e0c826',0),(213,'24769f81-f716-337a-aa45-68cedff08dc8',0),(214,'9113161a-2a53-3da8-ac73-7af7898e523c',0),(215,'90508b88-8b71-3ce0-84d4-fb622da64691',0),(216,'00000000-0000-0000-0009-01f391df7bf8',0),(217,'39f32d65-a813-31e2-8ebf-5df349fa93a9',0),(218,'00000000-0000-0000-0009-01fc21092ed2',0),(219,'264b3049-8609-3e8e-87b1-18d183ac0339',0),(220,'cd43c08a-977e-3b13-8a10-0861bb1afd6f',0),(221,'00000000-0000-0000-0009-01ff1ac33b6a',0),(222,'d27a5a88-5635-3773-99a5-a02e334a15ea',0),(223,'29b0c3f8-df1d-30ef-980d-39a0110faa0f',0),(224,'b002ead7-e727-301a-a687-f6e7953da5b3',0),(225,'fa3547a1-478c-351c-a937-096c1da09ddb',0),(226,'73b44485-eb74-387e-98fd-4f50df098cf9',0),(227,'76e1fbc3-134c-3ab4-87cd-6ff3a4518d42',0),(228,'d0be6ee1-124d-3de5-a9b3-893789e9ed87',0),(229,'cac96450-4f0b-37cc-967a-68aaeb516f55',0),(231,'db96ae5c-c42c-33df-bfad-9d89eb482507',0),(235,'cd60ac83-4443-31e9-9f77-da780ec80340',0),(236,'f0dfcac4-66d0-3b5e-b1f8-e71af1c7a0a4',0),(237,'6807f325-94eb-38b2-9d04-f411c5c462bf',0),(238,'a3524bca-1258-314f-b312-c80764bce9ce',0),(239,'12e59cc9-aa58-3ece-a32a-551f8150d9a5',0),(240,'0670a6a6-96b1-36d9-8d68-d8f9608ca755',0),(241,'0ea10d9d-5695-3ccb-8506-faf95d045005',0),(242,'feccaaad-f20e-33f3-a17a-999f809f5106',0),(243,'a8f8bacb-2eda-3c96-846a-2a2479120b6d',0),(244,'bbd141b8-f525-3467-93e7-1ad3485c2c57',0),(245,'5753bc04-13f3-30c0-bf2c-b7cfc22ee347',0),(246,'9edc0fa0-02f5-3a06-bf7a-cc651990a634',0),(247,'ba0f7bbe-35ba-3da8-b288-7cc61ad4763d',0),(248,'406c6426-a419-39ba-807e-35f4c22c1a01',0),(249,'88bdc526-58a8-3f72-9bae-a32b9c189309',0),(250,'80dd57c3-659c-3c7c-9920-1d89f09126fa',0),(251,'b4a7f1ac-72dd-3af6-a7a2-39328110c62a',0),(252,'87c60de9-6767-3774-a6a4-db65302069de',0),(253,'de1d1407-054b-3a9c-960b-d9d24833e35e',0),(254,'714e5e7c-073e-39a2-88a0-05827df375a9',0),(255,'fbfcf28d-eba0-3626-88ed-606ce5a37336',0),(256,'05b44ae2-fb81-3e82-9bab-b4763f11eaab',0),(257,'1ff72893-5fab-33aa-a651-84c56c95fe4f',0),(258,'83a3710d-2550-3f5e-ab4c-9f6e2cc1714e',0),(259,'34ac6d08-5b58-386c-8536-e5c13188bd3f',0),(260,'b5ac550b-cbd6-3d79-9cb1-a6dc3ff37dcd',0),(261,'3d75099c-b3e1-31bd-9e99-ebb5f7bcfb16',0),(262,'247c7a72-4d77-354f-9551-0e7db9123a1a',0),(263,'b1c0dfd1-27a8-3fbe-86e1-d1357b46ca2f',0),(264,'a2cbd1e9-c611-3805-a408-5c9282a65a3d',0),(265,'1d1a0d8e-bd0c-3ee2-9156-d7342c484101',0),(266,'6cfcb040-5f8e-3e8c-9a4b-5c0bfdd7d289',0),(267,'cf53f360-df1e-37c8-9534-daa454c24f43',0),(268,'27d56704-83bd-3f69-85e0-7b8b8006f377',0),(269,'b14ef102-16e2-3c19-bc33-2eee0475e284',0),(270,'70114760-9cd8-3139-8aff-970e0d2c3ca7',0),(271,'b6811f48-aae0-3e9c-a3de-c4761cc9a61c',0),(272,'c9acb9d2-32da-3de1-92ab-06b03e271b76',0),(273,'ba4838f1-3465-3f30-9c18-01c88010132e',0),(274,'223c79a7-360a-3e37-bfa8-224a1fe34d88',0),(275,'db966852-57ff-38a7-88ab-ffd378a73a13',0),(276,'61bf3d12-65f0-3848-a1e9-5a666599add7',0),(277,'8f1bce31-7793-3687-9b00-13c455e001d7',0),(278,'bee761ef-6100-38f6-b012-f305e0807c8f',0),(279,'f3f9812c-05ed-324e-8489-d2ad6dca2e8c',0),(280,'bc79d990-34b3-300f-8e44-4b5983e2d03c',0),(281,'82616f7f-ab80-3627-a4d9-67e1c381efc3',0),(282,'9dda801c-669c-3a9b-bbeb-65d6e5831a17',0),(283,'c68d8442-da56-3855-8b55-845ab353d368',0),(284,'d0d1d4b3-6a51-3593-8578-0bbb5f22c721',0),(285,'998c7868-312b-3af9-8912-1928dbfd4800',0),(286,'1083fee9-5ff5-37f2-acea-2044988c7564',0),(287,'0a5e6485-542f-344f-be2e-0c75d5221563',0),(288,'9301f7ce-f063-30b9-bb0b-13cefd9f571f',0),(289,'00000000-0000-0000-0009-01f58731ebe4',0),(290,'213f4c18-d7c2-35d3-821a-fbcdb63786db',0),(291,'322eded5-ad04-3c95-81c4-870553c0a523',0),(292,'d71be48d-8d92-3197-af32-2e84b029f3ad',0),(293,'00000000-0000-0000-0009-01f2ee1a5eb9',0),(294,'68cc02a5-ecd8-3e4d-9d91-acee96d3d74c',0),(295,'eb8ab19a-c554-3e26-b392-439a2e08d7b2',0),(296,'34a7a529-b4b7-3543-bf09-a0a737b82179',0),(297,'02a9be80-f730-39e6-8d4e-5ba7bcfdb9ca',0),(298,'947c653e-2610-35d2-8093-f8dd3e25f82c',0),(299,'a2ca0b65-95cf-32f0-9dd4-3426de3017e9',0),(300,'199a8202-6948-3d13-874e-0ec5242fc722',0),(301,'ffb2f2ea-8bf0-3abe-8fe3-691d9796c8b1',0),(302,'6d7e28dc-c371-3231-900c-945c6729c305',0),(303,'17f2e847-0e21-3b56-b6a8-1381c9ed85fa',0),(304,'19cbb730-291f-3761-a2e9-84fb8460c826',0),(305,'00000000-0000-0000-0009-01f6297ec6be',0),(306,'00000000-0000-0000-0009-01f51c00e8ca',0),(307,'5451b030-3fa6-37e7-a186-63d650b9bfd7',0),(308,'debe5109-1a19-34d8-a67f-1bb8e1336877',0),(309,'9e0a58db-5280-32e9-885f-12f7bc6608d7',0),(310,'52a8c31a-9fa2-34e4-b6ae-8c0884434711',0),(311,'d3304177-de5b-3360-96bb-0836a255fa82',0),(312,'049678dd-ea6f-3e3f-81dc-2d3b66b4a443',0),(313,'0165977f-08bc-3493-89ca-63dea9a14043',0),(314,'e5e175cf-6ac6-377e-905c-a8064b458e40',0),(315,'77ef3048-071d-39d9-8e66-5caa1c377a32',0),(316,'35317f06-8869-3c29-81cb-2084e30781ab',0),(317,'b019ef09-0055-38e8-9268-f5b26168248e',0),(318,'dcacc962-66ca-3564-9ac9-3d088f2a840d',0),(319,'028696c6-1a51-3cae-ac97-0fbcd00a5a4f',0),(320,'720d1536-21d2-31de-a744-14863b2fdde8',0),(321,'33191bd0-7398-3cb2-b7d5-a061242e7e14',0),(322,'04217828-1661-349e-8ea3-dbcceafbd373',0),(323,'5bfd5f6c-09b6-3a14-9c89-b0e8d4217d88',0),(324,'3e572156-a7be-37fd-ad21-58049e582db4',0),(325,'034dea23-eb9f-327e-99d1-478f79b94d01',0),(326,'75b5b5ed-68f0-36c8-a0b0-22b79a58548d',0),(327,'6a3b9a20-ff93-3d9f-8fb7-6fb96c137b7b',0),(328,'b5dacfde-86c7-38f6-b84f-27e31e9d8688',0),(329,'b5050049-4ada-3e3f-9660-d758a20522bf',0),(330,'dbb59a06-4f0e-3e41-9c83-2a908c6a3708',0),(331,'397fe00c-1170-3b03-9918-251f7ac28000',0),(332,'653de1b0-44bc-35af-b95f-536b228225e1',0),(333,'acfd3f10-dc1f-3a55-958e-2248d20026fd',0),(334,'0929c3b5-6f62-334a-838d-6dfdf36c9f78',0),(335,'00000000-0000-0000-0009-01f7b8c3835c',0),(336,'0ede4362-795f-30a4-95de-939c31aa7386',0),(337,'f8b92974-65f6-3765-9711-fa1fefea9877',0),(338,'2242f620-a983-37ca-bc55-8157bb6bcf6b',0),(339,'2faaa216-7576-3ddf-9d1f-5029d5ed0088',0),(340,'e75c089f-dfc3-3821-b6c0-bf6906995b30',0),(341,'5d8cf33b-8f8b-3bb1-ab66-253dc5fe4a6c',0),(342,'327cd618-c635-38fd-be58-eb336b8e91e8',0),(343,'463e5585-ec2f-3cdd-a171-2ad125fda2c4',0),(344,'be7175d8-b7a3-30c1-a429-0e8bb6985888',0),(345,'8bf542fd-0dcd-3cce-8bff-253d217c7963',0),(346,'25641958-5427-3d64-bbce-62f4e88344f7',0),(347,'3eac6f51-4e79-3e34-b1e1-c5c3cb9b3d28',0),(348,'00000000-0000-0000-0009-01f01b676fe6',0),(349,'0b3bcc83-54b2-31df-9077-38bdd069fa6f',0),(350,'00000000-0000-0000-0009-01f091c742fb',0),(351,'71a7752d-81d4-35ce-9831-485be6374e69',0),(352,'00000000-0000-0000-0009-01f72c22d995',0),(353,'b9c7ca99-aec2-3b08-9e58-559415fd204d',0),(354,'c38e2b92-9151-31b0-a275-f701a61d1e09',0),(355,'8319e422-6ff2-3f38-91cd-95bdfa8bf4d7',0),(356,'53549b13-5a12-3473-a6e7-24724e0b8f05',0),(357,'6b1ad909-f596-3d60-b990-f064009f1522',0),(358,'c25c008b-863a-30da-a314-0f4d934b38e3',0),(359,'eb0e8fd9-657f-349b-89e7-f53ada702486',0),(360,'7428d5a5-867e-33d3-a97d-34297c9b5b20',0),(361,'02050721-2b53-3ac1-b1d6-1bb84352a952',0),(362,'de685c8f-033e-36af-855a-095ddafe4eb6',0),(363,'dd95721c-21cc-360a-afce-9609e1e16695',0),(364,'eba8bd4a-eda3-398b-aa72-1c0f85e544b4',0),(365,'1e04ccd6-44e2-312a-bb42-7b50c8dfc811',0),(366,'00000000-0000-0000-0009-01f2642ab4e3',0),(367,'b548166d-3c29-3fd3-85c6-13d672d2c72f',0),(368,'2a7fc378-9bdc-346c-b288-98d028e80fa2',0),(369,'acc985bd-2a47-3117-a080-54fec4b35ae3',0),(370,'6de87abe-49e9-305f-9970-94b4519800d1',0),(371,'48ad5493-b7ec-3733-9c78-8070b850aebd',0),(372,'8cb17735-ae9a-353a-90f8-597d84dceed8',0),(373,'f3cb1837-078e-3694-af40-82fe49286cab',0),(401,'d6a1048f-1697-34c5-93eb-29f9c1386d10',0),(402,'46ebccf1-a03e-3081-8205-40045f8d69f6',0),(403,'c210bd73-8ef7-3727-8ae4-7960d81b9cfd',0),(404,'88d7026d-dc1a-3a84-9543-bf938b93ba8d',0),(405,'1c697ef1-8725-3ac8-b9c0-c3808157d74f',0),(406,'8c4a1cb0-8059-3e7a-bdeb-e439394a5b5e',0),(407,'41260344-bdec-3213-beb8-847e73093a62',0),(408,'2bd63e9b-19f1-3594-a6d3-84f56c67e17c',0),(409,'7fc031d0-d296-3f15-ab29-147b959fb6f0',0),(410,'a7417cba-31a9-325b-8a3c-6181aea3177c',0),(411,'d3ef8e6b-01ba-3dc2-bd61-3d641299f635',0),(412,'263450a6-47cd-358f-8ac6-6443aa1b88ee',0),(413,'10828910-9894-3579-88f8-721ef872812e',0),(414,'0bafb4d6-4063-3ab0-b15b-09771be2a06c',0),(415,'0fadcfac-0015-3d96-bea5-ccf72cb0eab0',0),(416,'4f5624d2-2874-317f-b778-e5b0459bcb09',0),(417,'9db962e7-e12d-3463-bd0f-b1021ad56cbe',0),(418,'00000000-0000-0000-0009-01f7cf2cf135',0),(419,'cd06fc59-203d-30d8-8961-8a696893db7a',0),(420,'761c4a37-8487-3717-a2d5-9c3b4f7ff732',0),(421,'d39c4dd8-f8c7-38a9-a431-29b7e218877b',0),(422,'b0dbd54f-fdec-3182-8d09-2b5f07598d77',0),(423,'705cb770-d2cb-392c-b797-9977e28f770d',0),(424,'7fad637b-10f2-3a37-9e75-34302cc18592',0),(425,'77a8eb12-f9f3-359d-8486-708a2a12381e',0),(426,'04e79f0a-ca07-374b-9f89-d2ed81c9c66e',0),(427,'330a6e04-915d-3d30-81a0-cc905c08a494',0),(428,'6dedce98-9361-344d-acc7-0f6a7a853fe8',0),(432,'1b74dcb5-16db-36d3-b84a-e972922d12b0',0),(433,'00000000-0000-0000-0009-01ff8be3911c',0),(434,'a35e6263-037b-34f8-b199-3989aa46613b',0),(435,'97e56d2d-c687-39ed-8acc-7082c2f54ca9',0),(444,'2955a72c-3157-36a8-984b-94fc80d09c13',0),(445,'00000000-0000-0000-0009-01f8b4b6dd6f',0),(446,'00000000-0000-0000-0009-01fa6ff92614',0),(447,'7b0d2f1a-2ba5-30f2-9274-d852da354dae',0),(448,'36884659-4bfd-3250-9b9d-4676348e82fe',0),(449,'4d7e9c28-4b09-3ae3-b711-d566056e6a7c',0),(450,'7170b4d3-6d01-3f35-ac06-10bedb8855f5',0),(451,'d4a0b202-430a-360d-b751-6c3160ed2f38',0),(452,'10db8e67-1de9-3bc1-ac4c-ac1519793730',0),(453,'ebde4b54-08a8-3d3a-9056-2764c9f40325',0),(454,'3983832e-419d-3225-8681-37ca82318bf8',0),(455,'8c75bdcf-894b-38b5-bb67-3261631cc58a',0),(456,'7395246a-8451-3272-bca9-4a4e9241625c',0),(457,'85d8fb1f-0dc7-3e50-b4d8-8240bee5555b',0),(458,'79541d07-e3a2-305a-a7e2-b1ea83bde4f6',0),(459,'77ec473f-9319-3d03-8483-011971523156',0),(460,'6d1be079-895b-3568-b8b6-cbba5f85b665',0),(461,'10b9dbe3-1d92-3106-aa3f-d89bf42ef239',0),(462,'3ba27e95-3dcd-3884-8402-94294758a2d1',0),(463,'c803ad34-cd04-3a25-82df-eb332eab44ff',0),(464,'3237fced-0bb6-30a1-9599-846bf4c8c47a',0),(465,'6cf1c7f0-0760-3f69-8295-3946569e53de',0),(466,'f1b74256-ea10-3788-9f10-d04d6713e4d1',0),(467,'00000000-0000-0000-0009-01fea3054293',0),(469,'9e69a7e0-5fcd-3b8b-8c7f-847ba30156d2',100),(470,'5fe5683c-47de-3117-a074-6a38abec92ac',0),(471,'8628af9d-d51c-3873-9152-cd3ba9c42cd3',0),(472,'03b2963c-1af8-379c-a4dd-92bbd173ab9e',0),(473,'d83771d1-4721-391a-a500-c7139b03ca8c',0),(474,'050091ca-f900-31ba-b14b-bfea31bcb095',0);
/*!40000 ALTER TABLE `playerpoints_points` ENABLE KEYS */;
UNLOCK TABLES;

--
-- Table structure for table `playerpoints_username_cache`
--

DROP TABLE IF EXISTS `playerpoints_username_cache`;
/*!40101 SET @saved_cs_client     = @@character_set_client */;
/*!50503 SET character_set_client = utf8mb4 */;
CREATE TABLE `playerpoints_username_cache` (
  `uuid` varchar(36) NOT NULL,
  `username` varchar(30) NOT NULL,
  UNIQUE KEY `uuid` (`uuid`),
  KEY `playerpoints_username_cache_uuid_index` (`uuid`),
  KEY `playerpoints_username_cache_username_index` (`username`)
) ENGINE=InnoDB DEFAULT CHARSET=utf8mb4 COLLATE=utf8mb4_0900_ai_ci;
/*!40101 SET character_set_client = @saved_cs_client */;

--
-- Dumping data for table `playerpoints_username_cache`
--

LOCK TABLES `playerpoints_username_cache` WRITE;
/*!40000 ALTER TABLE `playerpoints_username_cache` DISABLE KEYS */;
INSERT INTO `playerpoints_username_cache` VALUES ('27d56704-83bd-3f69-85e0-7b8b8006f377','_05xo'),('519ff25a-fcf8-35a7-958e-ac508f1a230f','_GhostSloth_'),('4e4b1870-8da2-3363-b1d8-fed7f4ec1f58','_Hirio_'),('3c6484b5-380f-3540-bd22-393e2d768a6b','_NgXuanNam_'),('e75c089f-dfc3-3821-b6c0-bf6906995b30','_SKAIRO_'),('0b3bcc83-54b2-31df-9077-38bdd069fa6f','_Terez'),('183a1e94-2dc3-3e86-820a-2333d1d9458d','123123duczz'),('0670a6a6-96b1-36d9-8d68-d8f9608ca755','15promax'),('5bfd5f6c-09b6-3a14-9c89-b0e8d4217d88','169_DINOMC'),('ba5a5c83-dde4-30b1-a053-778d8ca64097','7SIU'),('77a8eb12-f9f3-359d-8486-708a2a12381e','aabb11'),('0929c3b5-6f62-334a-838d-6dfdf36c9f78','AchievedAttic78'),('871a3da3-5d6a-39bd-ab24-dbd334e87c7c','Aevrie'),('356f569a-9eae-3dd1-b37f-c0b61b258272','AjAtOan'),('ba4838f1-3465-3f30-9c18-01c88010132e','akasaki_vn'),('90695e89-9043-38d3-8e6f-358dcfc5fb68','Alex_Drod'),('e37e8599-da70-3b1c-a9d5-851e7fa0dc95','Alexzvn1'),('acca3dc9-8df1-3590-98dc-790f5e1f1735','alo098'),('5ad60ed6-3ad8-3b5c-bb70-a7dd9988fe0f','Aminhkhang'),('cf53f360-df1e-37c8-9534-daa454c24f43','Andeptrai2006'),('58c84d08-5405-3910-a075-2c58d46a8bc3','Andyael_08'),('02a9be80-f730-39e6-8d4e-5ba7bcfdb9ca','AngleSoCuteUwU'),('63d0c279-10de-31c6-8ffb-a594c863fd62','anhbaxinqua'),('cf8fb527-f88d-3b19-b4a9-e03b854132c5','AnhHenAoDuy'),('b019ef09-0055-38e8-9268-f5b26168248e','AnhPhat'),('c1db66de-41a9-37ee-8aa1-a0878b577f21','Anniedagkhokkk'),('049678dd-ea6f-3e3f-81dc-2d3b66b4a443','anthucute'),('9e69a7e0-5fcd-3b8b-8c7f-847ba30156d2','AnTrc2'),('00000000-0000-0000-0009-01f391df7bf8','Anya4452'),('b5050049-4ada-3e3f-9660-d758a20522bf','Aru_VN'),('68ec9535-bd3c-3c1a-91ba-4cd61d3b363e','ArvinMeoww'),('8628af9d-d51c-3873-9152-cd3ba9c42cd3','AxolotMan'),('17e00e81-5511-39ff-80cc-38eec8ab540d','AzureFlame'),('5414dec4-56b5-38ea-bfd2-81d7f57e4444','bachkocoten'),('03e51be0-8f14-32b0-af04-d52dc092fe49','baconandcheese'),('6cfcb040-5f8e-3e8c-9a4b-5c0bfdd7d289','Bancong'),('21af4849-c97e-3480-88fe-dc22b9ff3fb6','banganh0911'),('d909af13-31a0-3d75-8c5f-8c04c7bf2d74','bao'),('d63360e3-9461-3c8d-a599-57a4082122a3','bao123'),('17f2e847-0e21-3b56-b6a8-1381c9ed85fa','bazahaha'),('223c79a7-360a-3e37-bfa8-224a1fe34d88','BeCao'),('01bc2f90-566a-365f-94bc-84cf9917a222','BeDatMinecraft'),('4bf58422-efb5-3299-b1f8-923b6c112afa','bendeptrai'),('95659b4b-c1b6-3671-8247-29a8a9644eb6','besamcondao'),('7fad637b-10f2-3a37-9e75-34302cc18592','big2k'),('d8dc1a12-2a92-3aea-8501-17b9a2dbc972','Bin12452'),('cd06fc59-203d-30d8-8961-8a696893db7a','binh223451'),('c4e1cd63-70d0-3115-a918-8cef54a87ebf','BIueBerryZz'),('30c11c1c-4e5c-385c-ac15-6925a9012865','BlueBerryzMC'),('773aad8a-b5bd-34a8-88ba-ae1175defddd','BlueBerryZz'),('7d5a36b1-5549-357e-bbd0-71ca98a551d4','Bobaballlz'),('52a8c31a-9fa2-34e4-b6ae-8c0884434711','BoleTwo_'),('82616f7f-ab80-3627-a4d9-67e1c381efc3','bom13241'),('00000000-0000-0000-0009-01f7b8c3835c','Boycity6632'),('7395246a-8451-3272-bca9-4a4e9241625c','buihuy101'),('2955a72c-3157-36a8-984b-94fc80d09c13','BunNguSy'),('eae7ad09-f07b-3c08-83d7-5cb486ec0684','CaIsReal'),('0165977f-08bc-3493-89ca-63dea9a14043','CaIsReal2'),('2c088679-a09b-3c0f-9f32-18858969ec59','CallMeQuangTeo'),('68cc02a5-ecd8-3e4d-9d91-acee96d3d74c','catbenter'),('6a3b9a20-ff93-3d9f-8fb7-6fb96c137b7b','Catwibu12'),('80dd57c3-659c-3c7c-9920-1d89f09126fa','caxanhnoname'),('fbd698eb-5b84-3524-b28e-033e5cc508bd','CAY___QUAA'),('f3cb1837-078e-3694-af40-82fe49286cab','cccsvh'),('789996b8-f7b7-348e-8e3e-24df0485ae78','chiencuto0'),('71a7752d-81d4-35ce-9831-485be6374e69','chiennoob'),('69b793ce-0efd-3c0a-967c-b95b96d02f07','chingchong'),('71e70721-df18-3a87-bd9c-9085a4a33b6b','chovy'),('12e59cc9-aa58-3ece-a32a-551f8150d9a5','cobebandi'),('00000000-0000-0000-0009-01f301b31f35','Cobemuadong1234'),('b4a7f1ac-72dd-3af6-a7a2-39328110c62a','concaccuttt'),('f46e549c-1c93-3dd8-bb4f-b612ee5c67df','condiencc1111'),('6064ecef-5a92-3184-9de4-3687a4ab8048','ConGiun'),('7428d5a5-867e-33d3-a97d-34297c9b5b20','conmeoconcuti'),('0b5f477d-004a-39f5-93ee-93a79e06424e','CourusserONE'),('67c87325-9bd8-37af-b131-acf164be04e2','cpoblack'),('1e04ccd6-44e2-312a-bb42-7b50c8dfc811','creeperry'),('f2961c93-ae10-30ff-9325-1eaf0c48eacf','cumayto'),('acfd3f10-dc1f-3a55-958e-2248d20026fd','CyanMC'),('e5e175cf-6ac6-377e-905c-a8064b458e40','dacvucat'),('4c23009a-e4ee-3338-af0e-803bfbc9a006','DanCayChamChi113'),('f0dfcac4-66d0-3b5e-b1f8-e71af1c7a0a4','dandeptrai'),('08dc03d6-38cc-30eb-9e1a-ed59e21bbc73','DarkSoSmooth'),('907c4d02-9d69-3658-9330-c66ef5645f2f','DatSoLZ'),('00000000-0000-0000-0009-01f029714369','DattlerAlis'),('233abcad-aed0-3274-b933-3c39171dedec','DavidTeo'),('37278ca4-70d3-3d47-8898-ec70b6ba1c5f','DBT_hieunewbie1'),('d4387963-e8c6-31a7-b897-ad5eeb1f5402','DeadpoolVN'),('be7175d8-b7a3-30c1-a429-0e8bb6985888','DEEP_RIN'),('513e8f08-d2f9-3de5-8986-deb258e1c900','Denust_'),('3e572156-a7be-37fd-ad21-58049e582db4','Denust_sad'),('f27af857-b548-3955-975c-7c054fad6312','diemmy97'),('48eb9168-08a1-35d7-91c1-7febcef2ae2d','DINO_BMG'),('bbd141b8-f525-3467-93e7-1ad3485c2c57','DistyHoangNam'),('00000000-0000-0000-0009-01f6297ec6be','Dminh200908'),('00000000-0000-0000-0009-01f237dce421','Dragonfire4656'),('fac68949-1674-3097-82f4-e8cc0da2750e','DreamFake321'),('a8f8bacb-2eda-3c96-846a-2a2479120b6d','drowned'),('c51fc8b0-3c31-33dd-98f4-40ef3acbbd19','ducky0211'),('264b3049-8609-3e8e-87b1-18d183ac0339','DuckyBoyVN'),('6b1ad909-f596-3d60-b990-f064009f1522','Ducnhan01'),('d0be6ee1-124d-3de5-a9b3-893789e9ed87','dungthanhdo2892'),('ac192c3d-9a46-3130-b9e0-e127ae5a41ff','DuongOk09'),('7cdba3a2-bb86-30ab-aa68-5719cc3a7041','duongprovip056'),('eba8bd4a-eda3-398b-aa72-1c0f85e544b4','DuyTB'),('4f5624d2-2874-317f-b778-e5b0459bcb09','dydgn'),('41a9fd7b-e09d-3f6d-aa24-672201614d13','ELTrollGuy'),('0d369870-011b-3405-aee2-bcff326c046e','EmLaBeGa'),('9dda801c-669c-3a9b-bbeb-65d6e5831a17','emlalananh'),('0a5e6485-542f-344f-be2e-0c75d5221563','EricWilliamGamer'),('a0d68c5b-ee30-3f4a-ba14-658cf4c84637','Erykmcvn'),('5753bc04-13f3-30c0-bf2c-b7cfc22ee347','FAL_Englishmc'),('79541d07-e3a2-305a-a7e2-b1ea83bde4f6','FelixNek'),('0fadcfac-0015-3d96-bea5-ccf72cb0eab0','Filo'),('35317f06-8869-3c29-81cb-2084e30781ab','GangMC'),('a7590e58-f061-3b78-bf38-5941e2394dbe','Gaupond2'),('b85e95ab-b4dd-3d95-aaf4-18c3c6b88207','GhostMeLon'),('00000000-0000-0000-0009-01f9beb61759','ghsjsjxhdbh'),('852c2f4c-6d7d-3522-b0a6-832a3c1f050d','Ghsq'),('19cbb730-291f-3761-a2e9-84fb8460c826','giathai02'),('19834ee2-8e94-3aa4-a103-f72d2ec6b4c1','Ginseng'),('3eac6f51-4e79-3e34-b1e1-c5c3cb9b3d28','God123'),('a0be379c-9e7b-3b1b-ae9a-cf3e4b452117','godhihi'),('27f4bec8-ce65-3f76-9521-4d52403c6241','goitaolaphu'),('6d7e28dc-c371-3231-900c-945c6729c305','goldbeo'),('8cb17735-ae9a-353a-90f8-597d84dceed8','Haibi'),('d8fa8961-fa0e-355e-b409-9a35ecfd53c6','HanaMC'),('cac22851-89b5-39b9-a432-3abfb69b0218','HaoPeNoob'),('8bf542fd-0dcd-3cce-8bff-253d217c7963','hcp1'),('ba0f7bbe-35ba-3da8-b288-7cc61ad4763d','Hehe6415'),('77ef3048-071d-39d9-8e66-5caa1c377a32','hent'),('35a52882-08e6-3a5b-9092-b974259af49a','heoloo'),('ea981ef3-e494-3dec-bfda-a0ccd1c2711b','herobrine666'),('36acacbc-3c47-3935-862a-49caf2a18781','HG_SOCDZ'),('95309253-b0d5-3d83-ad72-07c3275d7c25','Hieubietchoi'),('8a2ce95d-f81a-3118-bc49-cd0991c52f1c','hieuconcaclon'),('41149802-5e6b-3528-9151-316bf938db14','hihacr1'),('076097c8-bd49-3b86-b7ec-2544288b2a63','Hinako'),('679f5771-1a75-38e5-84ab-9f3e79e0247c','Hiro423'),('5b29a733-8897-3223-8fb4-f0b6ccfe7841','hmt190919'),('9a93eb4d-3e42-35b3-a30e-e0e679260a81','hoadeptrok'),('3ee8f93b-47ab-3362-981b-3c4c1176aac2','Hoang4534'),('f1b828e1-511d-3849-be3a-8413c4c1a1c9','Hoang6545'),('dcacc962-66ca-3564-9ac9-3d088f2a840d','hoanganh332'),('f8b92974-65f6-3765-9711-fa1fefea9877','HoanggDung_'),('891c4abf-135b-3a79-87fe-b7726189c743','hoanghai89'),('c25c008b-863a-30da-a314-0f4d934b38e3','Hoangld'),('3139e3a9-8f78-3e4d-96bc-c5af4c02c577','hocsinhcap3'),('463e5585-ec2f-3cdd-a171-2ad125fda2c4','Home_vn'),('90508b88-8b71-3ce0-84d4-fb622da64691','HongVannn'),('d71be48d-8d92-3197-af32-2e84b029f3ad','HPTrongMC'),('09dfeacf-c104-364f-8be1-40f899b1a0b2','HQSBI'),('10db8e67-1de9-3bc1-ac4c-ac1519793730','Hr_Catto'),('c27c9e5b-92f3-3fbd-8624-f4c098cc5645','HTphu'),('3c558fde-a33a-37d4-b4de-911bda9ba6ab','huhuhune'),('56e46197-7ec3-37ed-8356-91bd157e7b46','Hung210611'),('6dedce98-9361-344d-acc7-0f6a7a853fe8','Hung6646'),('00000000-0000-0000-0009-01f7cf2cf135','Hungbebong123'),('7b0d2f1a-2ba5-30f2-9274-d852da354dae','hungdaynha'),('36884659-4bfd-3250-9b9d-4676348e82fe','hungdaynha1'),('7f71e20f-8216-3347-a6a2-09950a1090f4','HurryLng'),('213ab56c-acf0-31bc-804e-b804ca66cf78','HutaoOw0'),('9e58a8ca-e153-3ec0-9762-8ec24bd1303e','HutaoUwU'),('bc79d990-34b3-300f-8e44-4b5983e2d03c','huutaiw'),('3daca810-8abc-30fb-a91e-c617fda67520','HuyLeeDepTrai'),('e5fd9aa3-a213-3f9a-ae6f-dffdb0ffb344','HuynghiaYB'),('de685c8f-033e-36af-855a-095ddafe4eb6','huyzprox123'),('e535b1e9-4100-3031-a3c2-6d75a78b2808','iAmNewBie'),('00000000-0000-0000-0009-01fea3054293','Immobile8176'),('263450a6-47cd-358f-8ac6-6443aa1b88ee','inteXe'),('247c7a72-4d77-354f-9551-0e7db9123a1a','ItsKL_'),('48ad5493-b7ec-3733-9c78-8070b850aebd','jack97'),('4f50f983-566a-3cf5-a1f7-f42dd6d12fe1','JakeGamming'),('acc985bd-2a47-3117-a080-54fec4b35ae3','jif_IsDaBest'),('998c7868-312b-3af9-8912-1928dbfd4800','Jin_Handsome'),('1ff72893-5fab-33aa-a651-84c56c95fe4f','jinvn9'),('3ba27e95-3dcd-3884-8402-94294758a2d1','JJokl302'),('0a643dd7-dae4-3d8e-8c8d-05275e7cd789','JohanDaK_YT'),('8f1f35c7-c4a1-3a56-b1f9-aacb13776e52','Joltarix'),('0bafb4d6-4063-3ab0-b15b-09771be2a06c','JuraV'),('db96ae5c-c42c-33df-bfad-9d89eb482507','jvhhgfug'),('2a7fc378-9bdc-346c-b288-98d028e80fa2','KaiToMC3717'),('213f4c18-d7c2-35d3-821a-fbcdb63786db','KeAcDocNhatSv'),('4c69e57f-3b9d-3410-b2cf-b535b963967a','kehuydietniemtin'),('cb43a23e-9952-3ce2-87dd-7f4cab86f2a2','KEPHAGAME'),('322eded5-ad04-3c95-81c4-870553c0a523','khadan343'),('4851371b-1527-31dd-870d-087dbb7b8742','khaidat'),('179cdfd6-34af-3797-9f7c-4fe2aea15875','khaidatreal'),('00000000-0000-0000-0009-01fb0228e9b2','Khangdeptai'),('c38e2b92-9151-31b0-a275-f701a61d1e09','KhanhDev2007'),('00000000-0000-0000-0009-01f2ee1a5eb9','khanhdzz2010'),('03b2963c-1af8-379c-a4dd-92bbd173ab9e','khanhky'),('cab95f26-c2db-3aa6-9893-f030fab41b7f','khanhpvp1v1'),('76e1fbc3-134c-3ab4-87cd-6ff3a4518d42','KhoiGamer'),('330a6e04-915d-3d30-81a0-cc905c08a494','KhunglongH19'),('42487634-e256-307d-8509-d2eb5fdb0939','KietKhoaHoc'),('5451b030-3fa6-37e7-a186-63d650b9bfd7','kiki'),('d4a0b202-430a-360d-b751-6c3160ed2f38','KingOfKid3335'),('085679df-644f-3c51-b3bd-7ce20487112a','KinowaTS'),('9a13af24-7b30-333d-bf55-eaf0dd5a7ae1','KiroMC18'),('a2ca0b65-95cf-32f0-9dd4-3426de3017e9','ko_bt'),('003d9446-be19-30cb-b1b9-6e6a885e20d0','kocoten'),('a2cbd1e9-c611-3805-a408-5c9282a65a3d','kocoten110412'),('b14ef102-16e2-3c19-bc33-2eee0475e284','kocotrngbantiko'),('b6811f48-aae0-3e9c-a3de-c4761cc9a61c','kocotrongbantiko'),('0ea10d9d-5695-3ccb-8506-faf95d045005','kotenkonha'),('8ecf04a5-6879-396e-94af-bd0cf1466902','ktken1'),('650cc849-22ae-3de1-8d5d-6fe5168be88c','kuoikuoii'),('449129a0-ceb8-3374-a3da-3ada8d97e539','lars1'),('c790602a-bb24-3fe7-a7e4-08a6b2b2e872','lavenderlevi321'),('feccaaad-f20e-33f3-a17a-999f809f5106','LD_Krito'),('cbb91ad1-8160-3664-96b0-ab06d397e8ee','ldoh'),('050091ca-f900-31ba-b14b-bfea31bcb095','LeDucMinh'),('ef6235ae-823a-3c65-b479-8b90563f5621','lehoang123'),('10828910-9894-3579-88f8-721ef872812e','leminhnhat'),('83a3710d-2550-3f5e-ab4c-9f6e2cc1714e','leminhnhat12'),('46ebccf1-a03e-3081-8205-40045f8d69f6','levanthanh25702'),('00000000-0000-0000-0009-01fc21092ed2','Li_like7922'),('199a8202-6948-3d13-874e-0ec5242fc722','LinhMeoMeo'),('77ec473f-9319-3d03-8483-011971523156','linhnek'),('705cb770-d2cb-392c-b797-9977e28f770d','LinhVNR_YTB'),('fa5712ac-e65c-34bf-b0b3-d165dd635834','lksaldasasd'),('43627887-12f7-3c02-b391-e73d52e0c826','lmc'),('00000000-0000-0000-0009-01f51c00e8ca','Long1910boss'),('4035d252-9145-31e4-8c7b-bd0b082945f6','low'),('53549b13-5a12-3473-a6e7-24724e0b8f05','LPT1112'),('2faaa216-7576-3ddf-9d1f-5029d5ed0088','luffy'),('028696c6-1a51-3cae-ac97-0fbcd00a5a4f','lvkubo'),('97e56d2d-c687-39ed-8acc-7082c2f54ca9','MAJster_1112'),('db392ce2-6dae-33c7-86f1-0bf69d3f8fc0','malonganofandrew'),('00000000-0000-0000-0009-01f208c2f573','Manhngunha1000'),('04e79f0a-ca07-374b-9f89-d2ed81c9c66e','MaPhapSuEngeo'),('f7520985-60b1-39ae-9a52-d5958016aba5','MasterwhiteGM'),('cac96450-4f0b-37cc-967a-68aaeb516f55','MC_Huys'),('9e0a58db-5280-32e9-885f-12f7bc6608d7','MCxSelly'),('9db962e7-e12d-3463-bd0f-b1021ad56cbe','MeoBeoMC'),('a6494dbe-6e29-3523-8988-eacf6c13992c','MeoNgann'),('02050721-2b53-3ac1-b1d6-1bb84352a952','meoooooo'),('967b0435-0c9e-3658-8613-34b2664c2768','meovang'),('ed731662-1d4d-3d27-b46b-36e5a35e42c3','mikay'),('5f7578c7-1267-32ff-83b1-b8a4c5de0688','MinecraftHihi'),('2242f620-a983-37ca-bc55-8157bb6bcf6b','MingMingMing'),('75b5b5ed-68f0-36c8-a0b0-22b79a58548d','minh110213'),('51574937-a804-3267-a717-c81feda7361b','MiNhMc137'),('38f46217-0cdd-3eae-bc03-89c10e99af71','minhmoimoi000'),('fbc7e55a-2f74-3db8-9c54-bd3b611f790d','MLL2021'),('62c964bc-2f2c-3ce9-ac5c-69faab5b75eb','moitapchoi011'),('a4e99b05-e4d1-3ef9-8918-bf08274b5cc4','MOl2'),('5d8cf33b-8f8b-3bb1-ab66-253dc5fe4a6c','monsieutuna'),('00000000-0000-0000-0009-01fa6ff92614','Moon180809'),('c4f644af-a393-3691-aac5-27c21387e2ee','mun669'),('8319e422-6ff2-3f38-91cd-95bdfa8bf4d7','MVP_Darkenderr'),('18c03e9e-7a4f-3fa0-b786-1dc43e9c9893','N_ThanhLong'),('00000000-0000-0000-0009-01f491649ad4','NameBuckle18253'),('88bdc526-58a8-3f72-9bae-a32b9c189309','namprosh'),('2bd63e9b-19f1-3594-a6d3-84f56c67e17c','NatroGaming'),('d3ef8e6b-01ba-3dc2-bd61-3d641299f635','natsu_titalia9'),('c68d8442-da56-3855-8b55-845ab353d368','naziii'),('73b44485-eb74-387e-98fd-4f50df098cf9','NBoTuoi1'),('6807f325-94eb-38b2-9d04-f411c5c462bf','NDDH169'),('a3524bca-1258-314f-b312-c80764bce9ce','NDDHXYZ169'),('6de87abe-49e9-305f-9970-94b4519800d1','netfreehaha'),('4e113841-8dce-397f-b2fd-4f9f89e1e296','NF_CheemsNOTFAKE'),('8c4a1cb0-8059-3e7a-bdeb-e439394a5b5e','nghiahg'),('578f71ff-beb8-3c27-afff-5c276daf3c86','nghiale1603'),('85d8fb1f-0dc7-3e50-b4d8-8240bee5555b','NgocYen2k4'),('a5dcce91-6423-3b08-b3a6-a9178f06dd8e','NgocYen2k5'),('24769f81-f716-337a-aa45-68cedff08dc8','NguoiHoanHao'),('156400f6-6a8a-3605-a1cc-a0fe07872887','nguyensad09'),('1b8eae14-dce0-39a3-b910-fea4dc3123a4','Nhannn'),('00000000-0000-0000-0009-01ff1ac33b6a','Nhansharkvn'),('406c6426-a419-39ba-807e-35f4c22c1a01','nhat999999999'),('00000000-0000-0000-0009-01f72c22d995','NHATTINHTINH'),('4ef3da49-b88d-348b-b095-b2eac2e0450a','nhdudgndv'),('7170b4d3-6d01-3f35-ac06-10bedb8855f5','NHQdz'),('24c30cfd-f1b1-39c5-a7bf-9e4b299792b2','nhut7rhbrbd'),('dbb59a06-4f0e-3e41-9c83-2a908c6a3708','niggamod'),('c9acb9d2-32da-3de1-92ab-06b03e271b76','Night709'),('ffb2f2ea-8bf0-3abe-8fe3-691d9796c8b1','Ninokura312'),('1f2ec2ab-b00a-349c-81b1-aa41e3102bc4','nmh1122'),('a2615754-c469-3581-bef7-05dae76324d8','NoLoveNoCash'),('7fc031d0-d296-3f15-ab29-147b959fb6f0','NoobDepXi'),('b0dbd54f-fdec-3182-8d09-2b5f07598d77','Noppppp'),('eb8ab19a-c554-3e26-b392-439a2e08d7b2','NotBachz'),('b72fd862-b14c-32db-b538-e2afc103ea62','nqhnaichi'),('d39c4dd8-f8c7-38a9-a431-29b7e218877b','ntnhanxx75'),('432b74eb-8f4f-32b5-8011-71ecb940cea6','nupbuiphat'),('a35e6263-037b-34f8-b199-3989aa46613b','nuzi'),('9301f7ce-f063-30b9-bb0b-13cefd9f571f','Oknhesem'),('10b9dbe3-1d92-3106-aa3f-d89bf42ef239','oksir'),('ac640ae1-bfd2-3673-8450-c1d7aa838fc1','OLALEN'),('5fe5683c-47de-3117-a074-6a38abec92ac','omaichi'),('947c653e-2610-35d2-8093-f8dd3e25f82c','onghoangpvp'),('aa3da359-a6e8-37b4-8372-7a75740e62f7','Ongngoaimayne'),('016cf22b-0995-3718-bb3f-56c7cc87c298','Ongnoimayne'),('b548166d-3c29-3fd3-85c6-13d672d2c72f','ooiiiiii'),('ebde4b54-08a8-3d3a-9056-2764c9f40325','oojiinn'),('2faacc1f-ba1e-32f7-ba3b-4c6574f35265','OrangeDinoMC'),('6d1be079-895b-3568-b8b6-cbba5f85b665','Osin_Nole'),('b9c7ca99-aec2-3b08-9e58-559415fd204d','outlast777'),('4d7e9c28-4b09-3ae3-b711-d566056e6a7c','PenDVie'),('3bf5b7b3-bce8-3be5-8b51-f11ca6a2b06a','Phatcuteo32'),('de1d1407-054b-3a9c-960b-d9d24833e35e','phong170'),('e2e0f798-a512-3139-88dd-2c4d47fdcc25','phongbe'),('25641958-5427-3d64-bbce-62f4e88344f7','phonggamatnick1'),('d0d1d4b3-6a51-3593-8578-0bbb5f22c721','phongju'),('8d26b91a-81dd-3836-8441-2649184b3371','phongmc888'),('f7e7f473-d2da-3058-a1d8-a4b11e33b412','phongtran398'),('46d2db89-ffb8-38c1-a740-69b67e33659c','phubedwars'),('d3304177-de5b-3360-96bb-0836a255fa82','phuc22009'),('714e5e7c-073e-39a2-88a0-05827df375a9','phucproo'),('f0b74484-56f1-378a-aa9f-3b3517fcac10','phucthinhcodoc'),('3983832e-419d-3225-8681-37ca82318bf8','PhVietHung'),('eb0e8fd9-657f-349b-89e7-f53ada702486','pinkonion'),('60218ec5-f202-3cf2-b920-ad08ead2b111','Puzzle3'),('00000000-0000-0000-0009-01f9dec498d4','qkhanggg'),('761c4a37-8487-3717-a2d5-9c3b4f7ff732','QThang'),('327cd618-c635-38fd-be58-eb336b8e91e8','Quame123098'),('f3f9812c-05ed-324e-8489-d2ad6dca2e8c','quan'),('64cd9565-5f54-334e-b59a-3dab4d938673','Quang52_MC'),('d83771d1-4721-391a-a500-c7139b03ca8c','quangcute235'),('00000000-0000-0000-0009-01f0120c4ec5','Quangprohehe'),('b5949eb4-03ff-3572-a91d-ced9f0ad2441','Quycantat307'),('f24585cc-2183-31f8-8220-988481251d33','qwlen'),('a96416ab-fd91-3cf1-a9db-adbd3a62099d','RAM_BO'),('509a35ab-8dfd-3f72-80f5-369029a3de26','realme'),('00000000-0000-0000-0009-01f091c742fb','Redcl0wnn'),('224235e0-2755-3997-a7ef-43fecc29d411','redzonline0'),('87f224ce-05f4-35f8-b7a3-5366ec92a161','Ricon'),('70114760-9cd8-3139-8aff-970e0d2c3ca7','Rlicardo'),('00000000-0000-0000-0009-01fc39e6e88d','Ronalsi17'),('18ef128a-dafd-38c5-950c-6c8e68316c1a','RuiNyah'),('00000000-0000-0000-0009-01f8f428a33d','Sadboideptrai'),('87c60de9-6767-3774-a6a4-db65302069de','Sam2k4'),('1c697ef1-8725-3ac8-b9c0-c3808157d74f','ScythePink'),('1b74dcb5-16db-36d3-b84a-e972922d12b0','SETTKING'),('34782aaa-80c2-3873-a953-da97e8cba8af','shindz'),('0bf5efb3-2ca6-3420-a95a-283487f25cb0','SHUNBEOO'),('3d75099c-b3e1-31bd-9e99-ebb5f7bcfb16','SILLY_chien'),('9113161a-2a53-3da8-ac73-7af7898e523c','SkyPhi'),('6cf1c7f0-0760-3f69-8295-3946569e53de','Sleeppara_VA'),('fa3547a1-478c-351c-a937-096c1da09ddb','SmartestParrot'),('0ede4362-795f-30a4-95de-939c31aa7386','SneeyAzir'),('f1b74256-ea10-3788-9f10-d04d6713e4d1','sonngu'),('a7417cba-31a9-325b-8a3c-6181aea3177c','SouthSire'),('6c021d9f-8dd8-35b8-94cb-d94ee4616028','SP_TheKing'),('d6a1048f-1697-34c5-93eb-29f9c1386d10','sphantom'),('3fd2d706-49cf-3548-9412-f9090b92ade3','Ss_FireDragon_sS'),('34ac6d08-5b58-386c-8536-e5c13188bd3f','steve123'),('499d8413-3927-3344-b149-0361cc3935c3','Sud_2008'),('95b96014-cbbc-3ba4-a3bc-61cc36221c71','Superidol1235'),('88d7026d-dc1a-3a84-9543-bf938b93ba8d','Suprius04'),('4a044528-6b47-3100-92b5-a6b23b5d1633','SuriVn'),('cfc4ef05-97f2-333a-8db9-f2c0e112ff1b','T_KILL'),('93979c7c-4995-39eb-bbf9-d270df73ce44','TaoLathangbeo'),('00000000-0000-0000-0009-01f2642ab4e3','Taotenlanam186'),('1d1a0d8e-bd0c-3ee2-9156-d7342c484101','Tazzay44'),('39f32d65-a813-31e2-8ebf-5df349fa93a9','tcplv'),('4728aa2e-85b3-3d9a-88ec-fbcb043d560a','teakilsankasi'),('397fe00c-1170-3b03-9918-251f7ac28000','Testgame107'),('d3206a7a-b27b-31ca-bae5-b5b2fe18a541','thai'),('8f1bce31-7793-3687-9b00-13c455e001d7','thaisduong'),('04217828-1661-349e-8ea3-dbcceafbd373','thaisduong112'),('4efb7477-665d-3446-bb7a-817deb35585a','Thanh1224'),('db966852-57ff-38a7-88ab-ffd378a73a13','thanh3'),('0985953a-6f98-3834-a2fe-9503cca1f8bb','Thaovycute'),('d80e16e5-dcc0-3fa3-898e-08178ed874ac','Thaovycutee'),('1502f179-2837-371d-91b8-121e0a966cab','ThatCorona'),('bee761ef-6100-38f6-b012-f305e0807c8f','The_collector09'),('5b862e9d-9612-3519-9df1-fe8331b4d44b','TheWorldGenz'),('e4314e6f-3812-3c11-bd51-0499ac7d50d2','Thienn_VN'),('00000000-0000-0000-0009-01f58731ebe4','Thpkm670041'),('c803ad34-cd04-3a25-82df-eb332eab44ff','tien29'),('05b44ae2-fb81-3e82-9bab-b4763f11eaab','Tiko_Kashel'),('fbfcf28d-eba0-3626-88ed-606ce5a37336','Tiko_Piko'),('00000000-0000-0000-0009-01ff8be3911c','TippyCave145299'),('254c55b9-1175-33c4-90df-2c69e1344c45','Tkey'),('d27a5a88-5635-3773-99a5-a02e334a15ea','TNM'),('b5dacfde-86c7-38f6-b84f-27e31e9d8688','Toanne1'),('808c9877-4c89-3ee7-ad70-ef1a129bf74f','toikhongthich'),('00000000-0000-0000-0009-01f7bceab670','TPH2k12'),('9c6eea7b-c718-34a4-a817-829119239103','TramAnhThieuNang'),('eec2b151-a59a-3d53-85a1-2bde7c057355','trhuvan'),('fb5339f9-d310-3653-a7e7-df3b82b2cd9d','tri12'),('bc13c01f-c9d0-3713-8386-2d8086927cbe','tricao'),('7392569e-6ff5-3d5e-a7a0-3a1f3055dae5','tridayne'),('d6f7e4e8-4a24-3476-99c2-edcc3d9db8a2','trietdz111'),('29b0c3f8-df1d-30ef-980d-39a0110faa0f','trieuvy1907206'),('b002ead7-e727-301a-a687-f6e7953da5b3','triii'),('00000000-0000-0000-0009-01f8b4b6dd6f','Trinhhai1308'),('dd95721c-21cc-360a-afce-9609e1e16695','trong1989'),('fc2ebb0f-5e4f-3789-8646-48ce37a6e53a','Trunghehe'),('61bf3d12-65f0-3848-a1e9-5a666599add7','trvv'),('3237fced-0bb6-30a1-9599-846bf4c8c47a','TSBT'),('653de1b0-44bc-35af-b95f-536b228225e1','TuanONECHAMP'),('08e135de-3235-321c-9e15-e80ff9cb0b7f','tuanprovip53'),('66d1cdae-3f07-3a1d-9bbe-ea1573e351b0','Tue_An'),('6f3e163f-1789-3153-a603-7a44bac0a47d','Tung_fandino'),('c2f62572-2b53-3e3b-a1a9-6304b6bfdfad','tungvipp101'),('2907258c-bb3f-3b49-a4a6-bfae594ae80b','TuyetNhung'),('33191bd0-7398-3cb2-b7d5-a061242e7e14','tv123'),('34a7a529-b4b7-3543-bf09-a0a737b82179','TVERORR'),('58818885-2004-3032-a9aa-4af4fd404faf','uhugfg'),('87e9469e-44bb-3719-bb02-bc557ae9ef15','vaicut'),('b1c0dfd1-27a8-3fbe-86e1-d1357b46ca2f','Vangiasz'),('23d88f41-2dbb-393e-bfe6-1bef0bbb7cf4','VankerMan'),('1083fee9-5ff5-37f2-acea-2044988c7564','VH804'),('d30a8bc5-6844-3fd3-90dc-404e8f0357e4','vietcube'),('912f7db1-2763-3656-b2e3-4a67545659ce','VietDayNee'),('1d0100e7-1cac-3a48-aac3-14c8cb53d229','vinhcutovl'),('0b199aeb-ec99-3cd2-a3e2-91cde3db1079','vitkhongbietbay'),('a82e828c-c0e2-3822-bc22-5d4a61990676','vjpdaikim'),('9edc0fa0-02f5-3a06-bf7a-cc651990a634','Vladlll'),('034dea23-eb9f-327e-99d1-478f79b94d01','vm2023'),('b5ac550b-cbd6-3d79-9cb1-a6dc3ff37dcd','VND'),('00000000-0000-0000-0009-01fada9e2830','Vuamicrap'),('cd43c08a-977e-3b13-8a10-0861bb1afd6f','WhiteBearsMC'),('c210bd73-8ef7-3727-8ae4-7960d81b9cfd','WhiteBG_'),('8d26ffb3-ad07-38ce-b02f-0efec168f4d6','WhxtsAHeart'),('debe5109-1a19-34d8-a67f-1bb8e1336877','WiXinLoi'),('720d1536-21d2-31de-a744-14863b2fdde8','Won_MineCraft'),('41260344-bdec-3213-beb8-847e73093a62','XShadow_GardenX'),('00000000-0000-0000-0009-01f01b676fe6','YonashiVN'),('405258d0-06ef-3032-8f1d-0bc3cd2dd1fa','YunD7458'),('7edda29c-cac0-3dc0-ac5f-b5dfda7d5f9b','Yuongzboi'),('f797e8fb-33fe-3ca3-90ac-825485b73e04','yuris_2k10'),('c414848f-bd2d-3647-88cf-af78e04b6f57','ZengliX'),('8c75bdcf-894b-38b5-bb67-3261631cc58a','Zero'),('ddd0e577-7eaf-393e-8bdf-c0fbf1fed885','Zesor999'),('cd60ac83-4443-31e9-9f77-da780ec80340','Zz_penguin_zZ');
/*!40000 ALTER TABLE `playerpoints_username_cache` ENABLE KEYS */;
UNLOCK TABLES;
/*!40103 SET TIME_ZONE=@OLD_TIME_ZONE */;

/*!40101 SET SQL_MODE=@OLD_SQL_MODE */;
/*!40014 SET FOREIGN_KEY_CHECKS=@OLD_FOREIGN_KEY_CHECKS */;
/*!40014 SET UNIQUE_CHECKS=@OLD_UNIQUE_CHECKS */;
/*!40101 SET CHARACTER_SET_CLIENT=@OLD_CHARACTER_SET_CLIENT */;
/*!40101 SET CHARACTER_SET_RESULTS=@OLD_CHARACTER_SET_RESULTS */;
/*!40101 SET COLLATION_CONNECTION=@OLD_COLLATION_CONNECTION */;
/*!40111 SET SQL_NOTES=@OLD_SQL_NOTES */;

-- Dump completed on 2024-09-14 13:05:56
